Time Index,Time,C1,C2,C3,C4
1,0,0,0,0,0
2,0.5,12.5838126982362404,12.5814377743677905,-nan,-nan
3,1,12.5859779137606509,12.5843401150531378,12.5812323670911184,-nan
4,1.5,12.5881288705815866,12.5872467431391293,12.5845029013617893,12.5810269733707578
5,2,12.5902632160566839,12.590144304132501,12.5877828641132812,12.5845189529009591
6,2.5,12.5923837699106844,12.5930295961405729,12.5910572306280102,12.5880234863920606
7,3,12.5944905218353522,12.5959063574467844,12.5943223987293873,12.5915245504204591
8,3.5,12.5945274531309508,12.5959650307092712,12.5944019681516242,12.5916303836255441
9,3.50781,12.5944807929541938,12.5959668702374685,12.5944044687297652,12.5916337192670724
10,3.52344,12.5944585563682239,12.595968700834284,12.5944069690675917,12.5916370542769016
11,3.53125,12.5944124297880702,12.5959705269953872,12.5944094691629012,12.5916403886551844
12,3.54688,12.5944014338782218,12.5959714356833619,12.5944107192637365,12.5916420559201114
13,3.55078,12.5943547894099641,12.5959723432636252,12.5944119693030938,12.5916437230271931
14,3.56641,12.5943439036849405,12.5959732463673788,12.5944132192808347,12.5916453899766267
15,3.57031,12.5942976947792999,12.5959741483644621,12.5944144691963942,12.5916470567683216
16,3.58594,12.5942869177053076,12.5959750458861865,12.594415719049648,12.5916487234024785
17,3.58984,12.5942411383152688,12.595975942302303,12.5944169688400116,12.5916503898790211
18,3.60547,12.5942304683868684,12.5959768342442349,12.5944182185673696,12.5916520561981233
19,3.60938,12.594185112576838,12.5959777250816121,12.5944194682311448,12.5916537223597196
20,3.625,12.5941745483162499,12.5959786114459931,12.5944207178312073,12.5916553883639981
21,3.62891,12.594152038038894,12.5959790540939558,12.5944213426428036,12.5916562213851009
22,3.63672,12.5941410549815984,12.5959794956239488,12.5944219674382953,12.5916570543668662
23,3.64062,12.5941186693363782,12.5959799365975211,12.5944225922176045,12.5916578873092995
24,3.64844,12.5941077484374659,12.5959803764532907,12.5944232169807062,12.5916587202124077
25,3.65234,12.5940854863998055,12.595980815752803,12.5944238417275223,12.5916595530762052
26,3.66016,12.5940746271489186,12.5959812539347009,12.5944244664580207,12.591660385900683
27,3.66406,12.5940524877054507,12.5959816915605067,12.5944250911721252,12.5916612186858643
28,3.67188,12.594041689597816,12.5959821280688775,12.5944257158698125,12.5916620514317401
29,3.67578,12.5940196717461959,12.5959825640213268,12.5944263405510029,12.59166288413833
30,3.68359,12.5940143005768874,12.5959827814432828,12.5944266528942528,12.5916633004963803
31,3.68555,12.5939921426170116,12.5959829987262992,12.5944269652333443,12.5916637168446144
32,3.69336,12.5939867966857975,12.5959832154493423,12.5944272775682915,12.5916641331830252
33,3.69531,12.5939647390954192,12.5959834320334778,12.594427589899059,12.5916645495116217
34,3.70312,12.5939594182313535,12.5959836480576861,12.5944279022256538,12.5916649658303985
35,3.70508,12.5939374603315528,12.5959838639430224,12.594428214548044,12.5916653821393485
36,3.71289,12.5939321643652473,12.5959840792684599,12.5944285268662455,12.5916657984384877
37,3.71484,12.593910305483222,12.5959842944550662,12.5944288391802175,12.5916662147278107
38,3.72266,12.5939050342467951,12.5959845090818199,12.5944291514899778,12.591666631007314
39,3.72461,12.593883273715786,12.5959847235697691,12.5944294637954908,12.5916670472770083
40,3.73242,12.5938806497903784,12.5959848305349276,12.5944296199488583,12.5916672554130429
41,3.7334,12.5938588567312522,12.5959849374653885,12.5944297761011512,12.5916674635466279
42,3.74121,12.5938562438347326,12.5959850441155652,12.5944299322523889,12.5916676716777545
43,3.74219,12.5938345384956918,12.5959851507310532,12.5944300884025502,12.591667879806435
44,3.75,12.593831936561557,12.5959852570662729,12.5944302445516403,12.5916680879326606
45,3.75098,12.5938103184143557,12.5959853633668146,12.5944304006996557,12.5916682960564259
46,3.75879,12.5938077273766496,12.5959854693870827,12.5944305568465964,12.5916685041777452
47,3.75977,12.5937861958972732,12.5959855753726924,12.5944307129924535,12.591668712296606
48,3.76758,12.59378361569056,12.5959856810780373,12.5944308691372324,12.5916689204130172
49,3.76855,12.5937621703591844,12.5959857867487273,12.5944310252809171,12.5916691285269771
50,3.77637,12.5937608854960885,12.5959858394442161,12.5944311033529015,12.5916692325842554
51,3.77686,12.5937394607454713,12.5959858921310452,12.5944311814246106,12.5916693366409227
52,3.78467,12.593738180949245,12.5959859446776363,12.5944312594960515,12.59166944069697
53,3.78516,12.5937168367994179,12.5959859972155712,12.594431337567217,12.5916695447524081
54,3.79297,12.5937155620414973,12.5959860496132823,12.5944314156381054,12.5916696488072333
55,3.79346,12.5936942980385354,12.5959861020023354,12.5944314937087203,12.5916697528614474
56,3.80127,12.5936930282905681,12.5959861542511646,12.5944315717790598,12.5916698569150469
57,3.80176,12.5936718439839623,12.5959862064913324,12.5944316498491258,12.59166996096803
58,3.80957,12.5936705792178074,12.5959862585912798,12.5944317279189075,12.5916700650203968
59,3.81006,12.59366001739523,12.5959862846369894,12.5944317669538339,12.5916701170466627
60,3.81396,12.5936587249732561,12.5959863106476551,12.5944318059886893,12.591670169072767
61,3.81445,12.5936481840691101,12.5959863366539473,12.5944318450234771,12.5916702210987257
62,3.81836,12.5936468942616795,12.5959863626251973,12.5944318840581886,12.5916702731245209
63,3.81885,12.5936363742138937,12.5959863885920864,12.5944319230928397,12.5916703251501705
64,3.82275,12.5936350870132543,12.595986414523928,12.5944319621274179,12.5916703771756655
65,3.82324,12.5936245877600186,12.5959864404514068,12.5944320011619215,12.5916704292010042
66,3.82715,12.5936233031584468,12.5959864663438381,12.5944320401963594,12.5916704812261919
67,3.82764,12.5936128246381784,12.5959864922319049,12.5944320792307227,12.5916705332512322
68,3.83154,12.593611542627988,12.595986518084926,12.5944321182650256,12.5916705852761108
69,3.83203,12.5936063114113939,12.5959865310092702,12.5944321377821797,12.5916706112885688
70,3.83398,12.5936050156873574,12.5959865439248553,12.5944321572993196,12.591670637300993
71,3.83447,12.5935997902048857,12.5959865568382554,12.5944321768164418,12.5916706633133781
72,3.83643,12.5935984959140495,12.595986569742891,12.5944321963335426,12.5916706893257135
73,3.83691,12.5935932761562821,12.5959865826453452,12.5944322158506292,12.5916707153380223
74,3.83887,12.5935919832963013,12.5959865955390313,12.5944322353676963,12.5916707413502937
75,3.83936,12.5935867692538359,12.5959866084305308,12.5944322548847438,12.591670767362519
76,3.84131,12.5935854778223586,12.5959866213132727,12.5944322744017789,12.5916707933747123
77,3.8418,12.5935828730843973,12.5959866277535486,12.5944322841602965,12.5916708063808134
78,3.84277,12.5935815749319087,12.5959866341916396,12.5944322939188105,12.591670819386902
79,3.84326,12.593578971904698,12.595986640628638,12.5944323036773174,12.5916708323929853
80,3.84424,12.5935776746073245,12.5959866470634463,12.5944323134358207,12.591670845399058
81,3.84473,12.5935750732891627,12.595986653497155,12.594432323194324,12.5916708584051182
82,3.8457,12.5935737768460694,12.5959866599286752,12.5944323329528203,12.5916708714111731
83,3.84619,12.5935711772352903,12.5959866663591029,12.5944323427113094,12.5916708844172121
84,3.84717,12.593569881645637,12.5959866727873369,12.5944323524697985,12.5916708974232492
85,3.84766,12.5935685825511801,12.5959866760009085,12.5944323573490387,12.5916709039262642
86,3.84814,12.5935672837410095,12.5959866792139294,12.5944323622282877,12.5916709104292792
87,3.84863,12.5935659852150224,12.5959866824264086,12.5944323671075278,12.5916709169322942
88,3.84912,12.5935646869731244,12.59598668563833,12.5944323719867697,12.5916709234353039
89,3.84961,12.5935633890152285,12.5959866888497114,12.5944323768660116,12.5916709299383101
90,3.8501,12.5935620913412354,12.5959866920605439,12.5944323817452499,12.5916709364413144
91,3.85059,12.5935607939510579,12.5959866952708328,12.5944323866244865,12.5916709429443223
92,3.85107,12.5935594968445947,12.5959866984805711,12.5944323915037231,12.5916709494473267
93,3.85156,12.5935582000217607,12.5959867016897604,12.5944323963829579,12.5916709559503186
94,3.85205,12.5935569034824599,12.5959867048984009,12.5944324012621891,12.5916709624533141
95,3.85254,12.5935556072266053,12.5959867081064942,12.5944324061414257,12.5916709689563113
96,3.85303,12.5935543112540937,12.5959867113140405,12.5944324110206551,12.5916709754593015
97,3.85352,12.5935530155648348,12.5959867145210413,12.5944324158998864,12.5916709819622898
98,3.854,12.5935517201587484,12.5959867177274933,12.5944324207791141,12.5916709884652818
99,3.85449,12.5935504250357209,12.5959867209333964,12.5944324256583471,12.5916709949682684
100,3.85498,12.5935491301956759,12.5959867241387506,12.594432430537573,12.5916710014712407
101,3.85547,12.5935478356385122,12.5959867273435631,12.5944324354168025,12.591671007974222
102,3.85596,12.5935465413641445,12.5959867305478213,12.5944324402960248,12.5916710144771979
103,3.85645,12.5935452473724752,12.5959867337515306,12.5944324451752472,12.5916710209801757
104,3.85693,12.5935439536634135,12.5959867369546998,12.5944324500544695,12.5916710274831445
105,3.85742,12.5929166621024251,12.5959883764212819,12.5944349475189519,12.5916743554471164
106,4.10742,12.5929174521145626,12.5959898723327228,12.594437444692316,12.5916776827849475
107,4.10791,12.5926281037416192,12.5959906203098875,12.5944386932891064,12.5916793465301975
108,4.23291,12.5926279788693201,12.5959913324167481,12.5944399418037438,12.5916810101190535
109,4.2334,12.5923532156092239,12.5959920444393134,12.5944411902314712,12.5916826735512419
110,4.3584,12.5923531482423403,12.5959927206030162,12.5944424385723579,12.5916843368271358
111,4.35889,12.5922209023512846,12.5959930586628008,12.5944430627406234,12.5916851684841475
112,4.42139,12.5922203702407955,12.5959933877604726,12.594443686886013,12.5916860001021238
113,4.42188,12.5920913878288943,12.5959937168052534,12.5944443110079067,12.5916868316809154
114,4.48438,12.5920908813504138,12.5959940368894738,12.5944449351063454,12.5916876632206964
115,4.48486,12.5919650430885621,12.5959943569219508,12.5944455591807003,12.5916884947213035
116,4.54736,12.591964561308588,12.5959946679954768,12.5944461832310068,12.5916893261829141
117,4.54785,12.5919027884895414,12.5959948235107184,12.5944464952547346,12.591689741918465
118,4.5791,12.5919020720706705,12.5959949767865798,12.5944468072722984,12.5916901576442815
119,4.57959,12.5918410488089219,12.5959951300323958,12.5944471192836254,12.5916905733602906
120,4.61084,12.5918403441343347,12.5959952810390448,12.5944474312887138,12.5916909890665636
121,4.61133,12.5917800568697498,12.5959954320158065,12.5944477432874944,12.5916914047630417
122,4.64258,12.5917793637274027,12.595995580753609,12.5944480552799636,12.5916918204497836
123,4.64307,12.5917494933453611,12.5959956551085597,12.594448211275731,12.5916920282943376
124,4.65869,12.5917486824316498,12.5959957289038229,12.5944483672699032,12.5916922361364527
125,4.65918,12.5917189938512184,12.5959958026829,12.5944485232624643,12.5916924439761164
126,4.6748,12.5917181886261158,12.5959958759023127,12.5944486792534303,12.5916926518133483
127,4.67529,12.5916886801927177,12.5959959491055677,12.5944488352427726,12.5916928596481377
128,4.69092,12.5916878806045034,12.5959960217491798,12.5944489912305073,12.5916930674804863
129,4.69141,12.5916585506835901,12.5959960943766518,12.5944491472166114,12.591693275310389
130,4.70703,12.5916577566811583,12.5959961664445093,12.5944493032010953,12.5916934831378597
131,4.70752,12.5916286036578917,12.5959962384962481,12.5944494591839486,12.5916936909628774
132,4.72314,12.591627815190769,12.5959963099884042,12.5944496151651624,12.5916938987854667
133,4.72363,12.5916133051841683,12.5959963457266539,12.5944496931556298,12.5916940026970572
134,4.73145,12.5916124576997657,12.5959963813250173,12.5944497711456904,12.5916941066080295
135,4.73193,12.5915979926421056,12.5959964169149767,12.5944498491353301,12.5916942105184049
136,4.73975,12.5915971479684234,12.5959964523650427,12.5944499271245647,12.5916943144281603
137,4.74023,12.5915827276512005,12.5959964878067119,12.5944500051133801,12.5916944183373047
138,4.74805,12.5915818857752146,12.5959965231084965,12.5944500831017923,12.5916945222458416
139,4.74854,12.5915746926584546,12.5959965407552428,12.5944501220959566,12.5916945742001847
140,4.75244,12.5915738213232071,12.5959965583670197,12.5944501610900197,12.5916946261543732
141,4.75293,12.5915666399683488,12.5959965759745103,12.5944502000839744,12.5916946781084178
142,4.75684,12.5915657701034753,12.5959965935470262,12.594450239077835,12.591694730062299
143,4.75732,12.5915586004817115,12.5959966111152539,12.5944502780715819,12.5916947820160345
144,4.76123,12.5915577320836132,12.5959966286485088,12.5944503170652347,12.5916948339696173
145,4.76172,12.591550574166229,12.5959966461774808,12.5944503560587791,12.5916948859230402
146,4.76562,12.5915497072313105,12.5959966636714764,12.5944503950522186,12.5916949378763192
147,4.76611,12.5915425609896854,12.5959966811611874,12.5944504340455499,12.5916949898294419
148,4.77002,12.591541695514378,12.5959966986159255,12.5944504730387816,12.5916950417824154
149,4.77051,12.5915381269254798,12.5959967073411647,12.5944504925353868,12.5916950677589128
150,4.77246,12.5915372467870696,12.595996716057666,12.594450512031969,12.5916950937353818
151,4.77295,12.5915336814303487,12.5959967247719913,12.5944505315285191,12.5916951197118099
152,4.7749,12.5915328020998842,12.5959967334775804,12.594450551025048,12.5916951456881989
153,4.77539,12.5915292399709671,12.5959967421810006,12.5944505705215501,12.5916951716645507
154,4.77734,12.5915283614473648,12.5959967508756794,12.5944505900180204,12.5916951976408633
155,4.77783,12.5915248025418602,12.5959967595681892,12.594450609514471,12.5916952236171404
156,4.77979,12.5915239248240187,12.5959967682519558,12.5944506290108951,12.5916952495933749
157,4.78027,12.5915203691375641,12.5959967769335623,12.5944506485072925,12.5916952755695757
158,4.78223,12.5915194922243963,12.5959967856064168,12.5944506680036596,12.5916953015457302
159,4.78271,12.5915177156675995,12.5959967899417649,12.5944506777518441,12.5916953145338208
160,4.78369,12.5915168314992094,12.5959967942749298,12.5944506875000215,12.5916953275218955
161,4.78418,12.5915150559065872,12.5959967986070041,12.5944506972481918,12.5916953405099648
162,4.78516,12.5915141722201724,12.5959968029368916,12.5944507069963514,12.5916953534980216
163,4.78564,12.5915123975909413,12.595996807265692,12.594450716744511,12.5916953664860642
164,4.78662,12.5915115143861254,12.5959968115923076,12.59445072649266,12.5916953794741033
165,4.78711,12.5915097407195056,12.595996815917827,12.5944507362408018,12.5916953924621335
166,4.78809,12.5915088579958834,12.5959968202411652,12.5944507459889383,12.5916954054501478
167,4.78857,12.5915070852910951,12.5959968245634144,12.5944507557370695,12.5916954184381584
168,4.78955,12.5915062030482883,12.5959968288834787,12.5944507654851972,12.5916954314261584
169,4.79004,12.5915053170964892,12.5959968310429655,12.5944507703592521,12.5916954379201584
170,4.79053,12.5915044313049194,12.595996833201907,12.5944507752333159,12.5916954444141584
171,4.79102,12.5915035456735325,12.5959968353603013,12.5944507801073726,12.5916954509081531
172,4.7915,12.5915026602022859,12.5959968375181521,12.5944507849814311,12.591695457402146
173,4.79199,12.5915017748911282,12.5959968396754523,12.5944507898554807,12.5916954638961354
174,4.79248,12.5915008897400238,12.5959968418322088,12.5944507947295374,12.5916954703901247
175,4.79297,12.5915000047489283,12.5959968439884165,12.5944507996035888,12.5916954768841141
176,4.79346,12.5914991199178008,12.5959968461440823,12.5944508044776331,12.5916954833780963
177,4.79395,12.5914982352465916,12.5959968482991975,12.5944508093516845,12.5916954898720803
178,4.79443,12.5914973507352617,12.5959968504537692,12.5944508142257305,12.5916954963660572
179,4.79492,12.5914964663837665,12.5959968526077954,12.5944508190997766,12.5916955028600359
180,4.79541,12.5914955821920653,12.5959968547612657,12.5944508239738173,12.5916955093540111
181,4.7959,12.5914946981601084,12.5959968569142067,12.5944508288478598,12.5916955158479809
182,4.79639,12.5914938142878654,12.5959968590665881,12.5944508337219023,12.5916955223419507
183,4.79688,12.5914929305752814,12.5959968612184259,12.5944508385959395,12.591695528835924
184,4.79736,12.5914920470223102,12.5959968633697201,12.5944508434699713,12.5916955353298885
185,4.79785,12.5914911636289162,12.5959968655204655,12.5944508483440103,12.5916955418238459
186,4.79834,12.5914902803950604,12.5959968676706637,12.5944508532180439,12.5916955483178121
187,4.79883,12.5910580414652884,12.5959979680691738,12.5944533480263487,12.5916988716720226
188,5.04883,12.5910592167029449,12.5959989252901678,12.5944558424032351,12.591702194403025
189,5.04932,12.5906635554875788,12.5959998826988979,12.5944583363111633,12.5917055165105047
190,5.29932,12.5906648039386084,12.5960006970544303,12.5944608297505152,12.5917088379954869
191,5.2998,12.5906640639891645,12.5960006986458577,12.5944608346208806,12.5917088444845771
192,5.30029,12.5906633241620742,12.5960007002367469,12.5944608394912478,12.591708850973653
193,5.30078,12.5906625844573128,12.5960007018270872,12.5944608443616133,12.591708857462736
194,5.30127,12.59066184487485,12.5960007034168786,12.5944608492319787,12.5917088639518173
195,5.30176,12.5906611054146538,12.5960007050061318,12.5944608541023371,12.5917088704408915
196,5.30225,12.5906603660766958,12.5960007065948361,12.5944608589726936,12.5917088769299639
197,5.30273,12.5906596268609423,12.5960007081829914,12.5944608638430466,12.5917088834190327
198,5.30322,12.5906588877673595,12.5960007097706033,12.5944608687134068,12.5917088899081051
199,5.30371,12.5906581487959315,12.5960007113576786,12.5944608735837544,12.5917088963971793
200,5.3042,12.590657409946612,12.596000712944198,12.5944608784541074,12.5917089028862392
201,5.30469,12.5906566712193779,12.5960007145301756,12.5944608833244569,12.5917089093753027
202,5.30518,12.5906559326142045,12.5960007161156113,12.5944608881947993,12.5917089158643627
203,5.30566,12.5906551941310525,12.5960007177004965,12.5944608930651469,12.5917089223534155
204,5.30615,12.5906544557698972,12.5960007192848362,12.5944608979354875,12.5917089288424719
205,5.30664,12.5906537175307029,12.5960007208686378,12.5944609028058316,12.5917089353315266
206,5.30713,12.5906529794134556,12.5960007224518851,12.5944609076761687,12.5917089418205741
207,5.30762,12.5906522414181055,12.5960007240345906,12.5944609125465021,12.5917089483096252
208,5.30811,12.5906515035446276,12.596000725616749,12.5944609174168392,12.5917089547986691
209,5.30859,12.5906507657929971,12.5960007271983656,12.5944609222871762,12.5917089612877149
210,5.30908,12.590650028163175,12.5960007287794351,12.5944609271575061,12.5917089677767535
211,5.30957,12.5906492906551435,12.5960007303599593,12.594460932027836,12.5917089742657886
212,5.31006,12.5906485532688652,12.5960007319399381,12.5944609368981641,12.5917089807548273
213,5.31055,12.5906478160043065,12.5960007335193698,12.594460941768487,12.5917089872438606
214,5.31104,12.5906470788614495,12.5960007350982544,12.5944609466388115,12.5917089937328903
215,5.31152,12.5906463418402463,12.5960007366766007,12.5944609515091344,12.5917090002219236
216,5.31201,12.5906456049406827,12.5960007382543964,12.5944609563794554,12.5917090067109516
217,5.3125,12.5906448681627232,12.5960007398316503,12.5944609612497693,12.5917090131999743
218,5.31299,12.5906441315063411,12.596000741408357,12.5944609661200904,12.5917090196889951
219,5.31348,12.5906433949715009,12.5960007429845184,12.594460970990399,12.591709026178016
220,5.31396,12.590642658558167,12.5960007445601363,12.5944609758607111,12.5917090326670316
221,5.31445,12.5906419222663288,12.596000746135207,12.5944609807310268,12.5917090391560471
222,5.31494,12.5906411860959402,12.5960007477097307,12.5944609856013319,12.5917090456450609
223,5.31543,12.5906404500469726,12.5960007492837089,12.5944609904716387,12.5917090521340693
224,5.31592,12.5906397141193995,12.5960007508571437,12.5944609953419402,12.5917090586230795
225,5.31641,12.5906389783131907,12.5960007524300313,12.5944610002122417,12.5917090651120827
226,5.31689,12.5906382426283159,12.5960007540023753,12.5944610050825467,12.5917090716010875
227,5.31738,12.5906375070647485,12.5960007555741758,12.5944610099528411,12.5917090780900836
228,5.31787,12.5906367716224494,12.5960007571454256,12.5944610148231391,12.5917090845790867
229,5.31836,12.5902754637191379,12.5960015611678209,12.5944635077187712,12.5917124053950289
230,5.56836,12.5902767810490381,12.5960022222836887,12.594466000105939,12.5917157255891912
231,5.56885,12.5902713679867091,12.5960022326218777,12.5944660390516692,12.5917157774813759
232,5.57275,12.590270719156635,12.5960022429252021,12.5944660779972608,12.5917158293733991
233,5.57324,12.590268015614237,12.5960022480747682,12.5944660974700362,12.5917158553194355
234,5.5752,12.5902673517051138,12.5960022532156106,12.5944661169427761,12.5917158812654275
235,5.57568,12.5902646502949747,12.5960022583543054,12.5944661364154804,12.591715907211384
236,5.57764,12.5902639869188899,12.5960022634842836,12.5944661558881545,12.5917159331573014
237,5.57812,12.5902612876384783,12.5960022686121178,12.5944661753607878,12.5917159591031798
238,5.58008,12.590260624794805,12.5960022737312318,12.594466194833398,12.5917159850490261
239,5.58057,12.590257927641602,12.5960022788481982,12.5944662143059674,12.5917160109948298
240,5.58252,12.5902572653297113,12.5960022839564481,12.59446623377851,12.5917160369405892
241,5.58301,12.5902559176034003,12.5960022865095027,12.5944662435147698,12.5917160499134866
242,5.58398,12.5902552478032721,12.5960022890603724,12.5944662532510243,12.5917160628863609
243,5.58447,12.5902539007144014,12.5960022916101693,12.5944662629872735,12.5917160758592317
244,5.58545,12.5902532312329445,12.5960022941577794,12.5944662727235084,12.5917160888320883
245,5.58594,12.5902518847810683,12.5960022967043024,12.594466282459738,12.5917161018049413
246,5.58691,12.5902512156180482,12.5960022992486529,12.594466292195964,12.5917161147777819
247,5.5874,12.5902505426574685,12.5960023005202846,12.5944662970640699,12.5917161212642039
248,5.58789,12.5902498698030403,12.5960023017913691,12.5944663019321776,12.5917161277506207
249,5.58838,12.5902491970547423,12.5960023030619137,12.5944663068002818,12.5917161342370392
250,5.58887,12.5902485244125462,12.5960023043319111,12.5944663116683859,12.5917161407234506
251,5.58936,12.5902478518764305,12.5960023056013668,12.5944663165364865,12.591716147209862
252,5.58984,12.5902471794463704,12.5960023068702736,12.5944663214045853,12.5917161536962734
253,5.59033,12.5902465071223357,12.5960023081386367,12.5944663262726806,12.5917161601826777
254,5.59082,12.5902458349043052,12.5960023094064582,12.5944663311407794,12.591716166669082
255,5.59131,12.5902451627922556,12.5960023106737307,12.5944663360088658,12.5917161731554899
256,5.5918,12.590244490786155,12.5960023119404578,12.594466340876961,12.5917161796418853
257,5.59229,12.5902438188859929,12.5960023132066432,12.5944663457450474,12.5917161861282842
258,5.59277,12.5902431470917318,12.5960023144722832,12.5944663506131285,12.5917161926146761
259,5.59326,12.5902424754033433,12.5960023157373744,12.5944663554812166,12.5917161991010733
260,5.59375,12.5902418038208097,12.5960023170019291,12.5944663603492959,12.5917162055874616
261,5.59424,12.5902411323441115,12.5960023182659331,12.5944663652173787,12.5917162120738517
262,5.59473,12.590240460973213,12.5960023195293953,12.5944663700854562,12.59171621856024
263,5.59521,12.5902397897080949,12.5960023207923086,12.5944663749535302,12.5917162250466212
264,5.5957,12.5902391185487303,12.5960023220546837,12.5944663798216077,12.5917162315330007
265,5.59619,12.5902337530689721,12.5960023321492613,12.5944664187660251,12.5917162834237004
266,5.6001,12.5902331101880023,12.5960023422089886,12.5944664577103183,12.5917163353142456
267,5.60059,12.5902304303976198,12.5960023472367428,12.5944664771824382,12.591716361259536
268,5.60254,12.5902297724262677,12.5960023522557911,12.5944664966545261,12.5917163872047873
269,5.60303,12.5902270947401327,12.5960023572726918,12.5944665161265767,12.5917164131500048
270,5.60498,12.5902264372948167,12.5960023622808759,12.5944665355985954,12.5917164390951815
271,5.60547,12.5902250992928746,12.5960023647838923,12.5944665453345976,12.5917164520677716
272,5.60645,12.5902244343540932,12.5960023672847363,12.5944665550705963,12.5917164650403581
273,5.60693,12.5902230969827187,12.5960023697844914,12.5944665648065826,12.591716478012934
274,5.60791,12.5902224323591803,12.5960023722820651,12.5944665745425599,12.5917164909855011
275,5.6084,12.5902210956179275,12.5960023747785606,12.5944665842785302,12.5917165039580539
276,5.60938,12.5902204313093922,12.5960023772728764,12.5944665940144915,12.5917165169305978
277,5.60986,12.5902197632012651,12.5960023785194934,12.5944665988824713,12.5917165234168777
278,5.61035,12.590219095198151,12.5960023797655651,12.5944666037504511,12.5917165299031417
279,5.61084,12.5902184273000195,12.5960023810110897,12.594466608618422,12.5917165363894128
280,5.61133,12.5902177595068512,12.5960023822560725,12.594466613486393,12.5917165428756768
281,5.61182,12.5902170918186265,12.5960023835005099,12.5944666183543639,12.5917165493619461
282,5.6123,12.590216424235301,12.596002384744402,12.5944666232223312,12.5917165558482065
283,5.61279,12.5902157567568693,12.5960023859877506,12.5944666280902968,12.5917165623344687
284,5.61328,12.5902150893832996,12.5960023872305484,12.594466632958266,12.5917165688207255
285,5.61377,12.5902144221145722,12.5960023884728098,12.5944666378262244,12.5917165753069771
286,5.61426,12.5902137549506552,12.5960023897145241,12.5944666426941847,12.5917165817932322
287,5.61475,12.5902130878915273,12.5960023909556895,12.594466647562145,12.5917165882794819
288,5.61523,12.59021242093716,12.5960023921963149,12.5944666524300999,12.5917165947657281
289,5.61572,12.5902117540875409,12.5960023934363914,12.5944666572980566,12.5917166012519761
290,5.61621,12.5902110873426345,12.5960023946759296,12.5944666621660044,12.5917166077382205
291,5.6167,12.5902104207024195,12.5960023959149154,12.594466667033954,12.591716614224465
292,5.61719,12.5901259437894577,12.5960025544266401,12.5944672900880459,12.5917174443667381
293,5.67969,12.5901257866452756,12.5960027040151399,12.5944679131075858,12.5917182744702121
294,5.68018,12.5901153463824986,12.5960027227113827,12.5944679909853949,12.5917183782388804
295,5.68799,12.5901147533397886,12.5960027412682258,12.5944680688626534,12.5917184820069448
296,5.68848,12.5901095437114012,12.5960027505426524,12.5944681078011751,12.5917185338910542
297,5.69238,12.5901089203162115,12.5960027597822233,12.5944681467395583,12.5917185857750056
298,5.69287,12.5901037179406021,12.5960027690175895,12.5944681856778118,12.5917186376588113
299,5.69678,12.5901030954522177,12.5960027782181143,12.5944682246159196,12.5917186895424571
300,5.69727,12.5901004970805754,12.5960027828162779,12.5944682440849451,12.5917187154843013
301,5.69922,12.5900998594631393,12.5960027874057268,12.5944682635539422,12.5917187414261118
302,5.69971,12.5900972631006844,12.5960027919930386,12.5944682830229038,12.5917187673678779
303,5.70166,12.5900966259855345,12.5960027965716392,12.5944683024918263,12.5917187933096084
304,5.70215,12.5900940316299454,12.5960028011480887,12.5944683219607168,12.5917188192512981
305,5.7041,12.5900933950164884,12.5960028057158251,12.5944683414295735,12.591718845192954
306,5.70459,12.5900920986409091,12.5960028079986248,12.5944683511639948,12.5917188581637873
307,5.70557,12.5900914545118141,12.5960028102792485,12.5944683608984072,12.5917188711346046
308,5.70605,12.5900901587376559,12.5960028125587868,12.5944683706328107,12.5917188841054219
309,5.70703,12.5900895149092165,12.5960028148361474,12.5944683803672053,12.591718897076225
310,5.70752,12.590088219736062,12.5960028171124172,12.5944683901015893,12.5917189100470157
311,5.7085,12.5900875762080844,12.5960028193865163,12.5944683998359679,12.591718923017801
312,5.70898,12.5900862816355144,12.5960028216595337,12.594468409570343,12.5917189359885757
313,5.70996,12.5900856384077784,12.5960028239303679,12.5944684193047003,12.5917189489593415
314,5.71045,12.590084991371695,12.5960028250652485,12.5944684241718807,12.5917189554447244
315,5.71094,12.5900843444356916,12.5960028261995802,12.5944684290390576,12.5917189619301073
316,5.71143,12.5900836975997663,12.5960028273333666,12.5944684339062327,12.5917189684154849
317,5.71191,12.5900830508638908,12.5960028284666095,12.5944684387734043,12.5917189749008624
318,5.7124,12.5900824042280348,12.5960028295993069,12.5944684436405758,12.5917189813862365
319,5.71289,12.5900817576921824,12.5960028307314644,12.5944684485077403,12.5917189878716087
320,5.71338,12.5900811112562998,12.5960028318630748,12.5944684533749101,12.5917189943569792
321,5.71387,12.5900804649203781,12.5960028329941416,12.5944684582420727,12.5917190008423479
322,5.71436,12.5900798186843872,12.5960028341246613,12.5944684631092336,12.5917190073277112
323,5.71484,12.5900791725482986,12.5960028352546392,12.594468467976391,12.591719013813071
324,5.71533,12.5900785265120962,12.5960028363840735,12.5944684728435519,12.591719020298429
325,5.71582,12.5900778805757625,12.5960028375129571,12.5944684777107057,12.5917190267837871
326,5.71631,12.5900772347392635,12.5960028386413043,12.5944684825778612,12.5917190332691398
327,5.7168,12.5900765890025816,12.5960028397691008,12.5944684874450097,12.5917190397544942
328,5.71729,12.5900759433656901,12.5960028408963591,12.5944684923121599,12.5917190462398487
329,5.71777,12.5900752978285659,12.5960028420230632,12.5944684971793013,12.5917190527251961
330,5.71826,12.5900746523911931,12.5960028431492308,12.5944685020464497,12.5917190592105452
331,5.71875,12.5900740070535395,12.5960028442748548,12.5944685069135893,12.5917190656958855
332,5.71924,12.5900688479307732,12.5960028532754418,12.5944685458505621,12.5917191175782843
333,5.72314,12.590068230850239,12.5960028622411802,12.594468584787391,12.5917191694605286
334,5.72363,12.5900656540700204,12.5960028667219603,12.5944686042557787,12.5917191954016712
335,5.72559,12.5900650218502577,12.5960028711940257,12.5944686237241328,12.5917192213427676
336,5.72607,12.5900624470542795,12.5960028756639488,12.5944686431924531,12.5917192472838373
337,5.72803,12.5900618153305608,12.5960028801251589,12.5944686626607343,12.5917192732248626
338,5.72852,12.5900592425165332,12.5960028845842231,12.5944686821289835,12.5917192991658577
339,5.73047,12.5900586112882884,12.5960028890345743,12.5944687015971954,12.5917193251068085
340,5.73096,12.5900573256735324,12.596002891258685,12.5944687113313023,12.5917193380772865
341,5.73193,12.5900566869239601,12.5960028934806143,12.5944687210653914,12.5917193510477574
342,5.73242,12.5900554019031699,12.5960028957014583,12.5944687307994752,12.5917193640182212
343,5.7334,12.5900547634505351,12.5960028979201333,12.59446874053355,12.5917193769886708
344,5.73389,12.5900534790232967,12.5960029001377141,12.594468750267616,12.5917193899591098
345,5.73486,12.5900528408673935,12.5960029023531259,12.5944687600016731,12.5917194029295487
346,5.73535,12.5900521989010397,12.596002903460283,12.5944687648687008,12.5917194094147611
347,5.73584,12.5900515570336076,12.5960029045669017,12.5944687697357196,12.5917194158999806
348,5.73633,12.5900509152650812,12.596002905672977,12.5944687746027455,12.5917194223851894
349,5.73682,12.5900502735954234,12.5960029067785051,12.5944687794697661,12.5917194288704035
350,5.7373,12.5900496320246233,12.5960029078834914,12.5944687843367866,12.5917194353556106
351,5.73779,12.5900489905526598,12.5960029089879342,12.5944687892038019,12.5917194418408158
352,5.73828,12.5900483491794919,12.5960029100918263,12.5944687940708135,12.5917194483260193
353,5.73877,12.5900477079051214,12.5960029111951819,12.594468798937827,12.591719454811221
354,5.73926,12.590047066729511,12.5960029122979851,12.5944688038048369,12.5917194612964192
355,5.73975,12.5900464256526377,12.59600291340025,12.5944688086718415,12.5917194677816155
356,5.74023,12.59004578467448,12.5960029145019643,12.5944688135388496,12.5917194742668084
357,5.74072,12.5900451437950167,12.5960029156031421,12.5944688184058506,12.5917194807519994
358,5.74121,12.5900445030142336,12.5960029167037746,12.5944688232728499,12.5917194872371905
359,5.7417,12.5900438623320916,12.5960029178038546,12.5944688281398491,12.5917194937223744
360,5.74219,12.5900432217485729,12.5960029189034,12.5944688330068466,12.5917195002075637
361,5.74268,12.5900425812636669,12.5960029200023964,12.5944688378738441,12.5917195066927423
362,5.74316,12.5900419408773363,12.5960029211008475,12.5944688427408327,12.5917195131779209
363,5.74365,12.5899607747415594,12.5960030616246286,12.5944694656723684,12.5917203431843951
364,5.80615,12.5899606436671689,12.5960031932298815,12.5944700885681833,12.5917211731520791
365,5.80664,12.5899206559024055,12.5960032590229236,12.594470400008797,12.5917215881406808
366,5.83789,12.5899202806887871,12.5960033225868457,12.5944707114403407,12.591722003119612
367,5.83838,12.589880684058782,12.5960033861276699,12.594471022862729,12.5917224180887732
368,5.86963,12.5898803149808085,12.5960034474397027,12.5944713342759673,12.5917228330482587
369,5.87012,12.5898606623012874,12.5960034780847394,12.5944714899806822,12.5917230405291889
370,5.88574,12.5898601710329974,12.5960035081726431,12.5944716456831021,12.5917232480076891
371,5.88623,12.5898406154741096,12.5960035382460944,12.594471801383202,12.5917234554837556
372,5.90186,12.5898401272464966,12.5960035677624553,12.5944719570809873,12.5917236629574028
373,5.90234,12.5898206680901765,12.5960035972643922,12.5944721127764474,12.5917238704286092
374,5.91797,12.5898201828807643,12.5960036262092778,12.5944722684695876,12.5917240778974033
375,5.91846,12.5898008194160251,12.5960036551397643,12.5944724241603812,12.5917242853637532
376,5.93408,12.5898003372025791,12.5960036835132456,12.5944725798488477,12.5917244928276837
377,5.93457,12.5897906914970505,12.5960036976929057,12.5944726576925898,12.591724596559942
378,5.94238,12.5897901481526731,12.5960037117333243,12.5944727355357458,12.5917247002915929
379,5.94287,12.5897805268252725,12.5960037257657778,12.5944728133783101,12.5917248040226433
380,5.95068,12.5897799850057392,12.5960037396589932,12.5944728912202919,12.5917249077530808
381,5.95117,12.5897703879641867,12.5960037535442471,12.5944729690616839,12.5917250114829127
382,5.95898,12.5897698476637405,12.5960037672902647,12.5944730469024879,12.591725115212137
383,5.95947,12.5897602748162285,12.5960037810283296,12.5944731247427057,12.5917252189407556
384,5.96729,12.5897597360291158,12.5960037946271619,12.5944732025823285,12.5917253226687649
385,5.96777,12.5897549588280491,12.5960038014226274,12.5944732415020191,12.5917253745328477
386,5.97168,12.5897543894994079,12.5960038081832835,12.5944732804215587,12.5917254263967777
387,5.97217,12.5897496186678737,12.5960038149397704,12.5944733193409455,12.5917254782605514
388,5.97607,12.5897490501356213,12.5960038216614478,12.5944733582601955,12.5917255301241795
389,5.97656,12.589744285660899,12.5960038283789491,12.5944733971792857,12.5917255819876495
390,5.98047,12.5897437179234526,12.5960038350616532,12.5944734360982391,12.5917256338509773
391,5.98096,12.5897389597928484,12.5960038417401741,12.594473475017038,12.5917256857141382
392,5.98486,12.58973839284862,12.5960038483838961,12.5944735139356894,12.5917257375771605
393,5.98535,12.5897336410494827,12.5960038550234401,12.5944735528541916,12.591725789440023
394,5.98926,12.5897330748969036,12.5960038616281835,12.5944735917725481,12.5917258413027398
395,5.98975,12.5897307014559949,12.5960038649284716,12.5944736112316917,12.5917258672341177
396,5.9917,12.5897301200698504,12.596003868220059,12.5944736306908016,12.5917258931654583
397,5.99219,12.5897277483832539,12.5960038715095095,12.5944736501498724,12.5917259190967528
398,5.99414,12.589727167435683,12.596003874790263,12.5944736696089077,12.591725945028017
399,5.99463,12.5897247975014608,12.5960038780688759,12.5944736890679021,12.5917259709592386
400,5.99658,12.5897242169919714,12.5960038813387953,12.5944737085268645,12.5917259968904247
401,5.99707,12.5897218488081784,12.5960038846065689,12.5944737279857844,12.5917260228215682
402,5.99902,12.5897212687362927,12.5960038878656437,12.5944737474446686,12.591726048752685
403,5.99951,12.5897200853441493,12.5960038894941171,12.5944737571741037,12.5917260617182478
404,6.00049,12.5897194976977893,12.5960038911204091,12.5944737669035334,12.5917260746837947
405,6.00098,12.5897183148303071,12.5960038927456281,12.5944737766329471,12.5917260876493362
406,6.00195,12.5897177274462369,12.5960038943686641,12.5944737863623502,12.5917261006148671
407,6.00244,12.5897165451030588,12.5960038959906253,12.5944737960917514,12.5917261135803891
408,6.00342,12.5897159579811113,12.5960038976104087,12.5944738058211367,12.5917261265459022
409,6.00391,12.5897147761618928,12.5960038992291175,12.5944738155505167,12.5917261395114082
410,6.00488,12.5897141893018798,12.5960039008456377,12.5944738252798878,12.5917261524768982
411,6.00537,12.5897130080062851,12.5960039024610886,12.5944738350092464,12.5917261654423811
412,6.00635,12.5897124214080414,12.5960039040743599,12.5944738447385962,12.5917261784078551
413,6.00684,12.589711830978386,12.5960039048804564,12.5944738496032684,12.5917261848905913
414,6.00732,12.5897112406360137,12.5960039056860058,12.5944738544679424,12.5917261913733292
415,6.00781,12.5897106503808924,12.5960039064910134,12.5944738593326093,12.5917261978560653
416,6.0083,12.5897100602130187,12.5960039072954775,12.5944738641972762,12.5917262043387961
417,6.00879,12.5897094701323624,12.596003908099398,12.5944738690619431,12.5917262108215233
418,6.00928,12.5897088801389092,12.5960039089027731,12.5944738739266011,12.5917262173042541
419,6.00977,12.5897082902326307,12.5960039097056082,12.5944738787912627,12.5917262237869778
420,6.01025,12.5897077004135198,12.5960039105078963,12.5944738836559189,12.5917262302696944
421,6.01074,12.5897071106815517,12.596003911309646,12.5944738885205716,12.5917262367524163
422,6.01123,12.589706521036705,12.5960039121108416,12.5944738933852296,12.5917262432351347
423,6.01172,12.5897059314789654,12.5960039129115007,12.5944738982498805,12.5917262497178477
424,6.01221,12.5897053420083065,12.5960039137116144,12.5944739031145261,12.591726256200559
425,6.0127,12.5897047526247174,12.5960039145111864,12.5944739079791699,12.5917262626832738
426,6.01318,12.5897041633281717,12.596003915310213,12.5944739128438137,12.5917262691659815
427,6.01367,12.5897035741186549,12.5960039161086925,12.5944739177084557,12.5917262756486821
428,6.01416,12.5897029849961495,12.5960039169066373,12.5944739225730942,12.5917262821313862
429,6.01465,12.589702395960634,12.5960039177040315,12.5944739274377273,12.5917262886140833
430,6.01514,12.5897018070120765,12.5960039185008821,12.594473932302364,12.5917262950967839
431,6.01562,12.589411232703462,12.5960043261082557,12.5944764222994898,12.591729612690191
432,6.26562,12.589412692270157,12.596004591243867,12.5944789116850764,12.5917329296634435
433,6.26611,12.5893778524628601,12.5960046244765334,12.5944792228531881,12.5917333443769088
434,6.29736,12.5893775580139824,12.5960046554849345,12.5944795340111693,12.5917337590807019
435,6.29785,12.5893602583466393,12.59600467097939,12.594479689587768,12.5917339664337824
436,6.31348,12.589359840751337,12.5960046859178476,12.5944798451618141,12.591734173784447
437,6.31396,12.5893426213161792,12.5960047008425935,12.594480000733304,12.5917343811326816
438,6.32959,12.5893422062331108,12.5960047152113823,12.5944801563022253,12.5917345884784986
439,6.33008,12.5893336267329996,12.5960047223889955,12.5944802340860811,12.5917346921516948
440,6.33789,12.5893331500816501,12.5960047294276318,12.5944803118692938,12.5917347958242942
441,6.33838,12.5893245910347957,12.5960047364584682,12.59448038965186,12.5917348994962808
442,6.34619,12.5893241156628708,12.5960047433503419,12.5944804674337885,12.5917350031676634
443,6.34668,12.5893155769962419,12.5960047502344192,12.5944805452150632,12.5917351068384402
444,6.35449,12.5893151028991763,12.5960047569795357,12.594480622995702,12.5917352105086167
445,6.35498,12.5893065845400969,12.5960047637168699,12.5944807007756836,12.5917353141781749
446,6.36279,12.5893061117133502,12.5960047703152398,12.5944807785550257,12.5917354178471363
447,6.36328,12.5893018602764943,12.5960047736105523,12.5944808174445413,12.591735469681689
448,6.36719,12.589301356686402,12.5960047768711192,12.5944808563338952,12.5917355215160942
449,6.36768,12.5892971105978759,12.5960047801275596,12.5944808952230929,12.5917355733503431
450,6.37158,12.589296607676518,12.5960047833492617,12.59448093411212,12.5917356251844446
451,6.37207,12.5892923669262427,12.5960047865668319,12.5944809730009908,12.5917356770183861
452,6.37598,12.5892918646723651,12.5960047897496672,12.5944810118896946,12.5917357288521892
453,6.37646,12.5892876292502915,12.5960047929283743,12.5944810507782368,12.5917357806858288
454,6.38037,12.5892871276626259,12.5960047960723429,12.5944810896666226,12.5917358325193209
455,6.38086,12.5892850120209143,12.5960047976422604,12.5944811091107738,12.5917358584360866
456,6.38281,12.5892844950842573,12.5960047992035022,12.5944811285548823,12.591735884352822
457,6.3833,12.5892823809192329,12.5960048007626124,12.5944811479989554,12.5917359102695059
458,6.38525,12.5892818643517561,12.5960048023130469,12.5944811674429857,12.5917359361861596
459,6.38574,12.5892797516618842,12.5960048038613497,12.5944811868869753,12.5917359621027725
460,6.3877,12.5892792354631933,12.5960048054009679,12.5944812063309204,12.5917359880193445
461,6.38818,12.5892771242469266,12.5960048069384634,12.5944812257748282,12.5917360139358845
462,6.39014,12.5892766084166432,12.5960048084672724,12.5944812452186952,12.5917360398523854
463,6.39062,12.5892755533976608,12.5960048092306192,12.5944812549406198,12.5917360528106403
464,6.3916,12.5892750299285776,12.5960048099917934,12.5944812646625337,12.5917360657688846
465,6.39209,12.5892739753513698,12.5960048107518876,12.594481274384437,12.5917360787271182
466,6.39307,12.5892734521031482,12.5960048115098111,12.5944812841063296,12.5917360916853465
467,6.39355,12.5892723979674432,12.5960048122666564,12.5944812938282116,12.5917361046435605
468,6.39453,12.5892718749399357,12.5960048130213327,12.5944813035500847,12.5917361176017639
469,6.39502,12.5892708212454689,12.5960048137749308,12.5944813132719489,12.5917361305599655
470,6.396,12.5892702984385423,12.5960048145263599,12.5944813229938006,12.5917361435181547
471,6.39648,12.5892697717751432,12.5960048149015371,12.5944813278547247,12.5917361499972493
472,6.39697,12.5892692451853048,12.5960048152761672,12.5944813327156453,12.591736156476351
473,6.39746,12.5892687186690075,12.5960048156502591,12.5944813375765623,12.5917361629554332
474,6.39795,12.5892681922262408,12.5960048160238056,12.5944813424374811,12.5917361694345189
475,6.39844,12.5892676658569869,12.596004816396805,12.594481347298391,12.5917361759136064
476,6.39893,12.5892671395612297,12.596004816769268,12.5944813521593044,12.5917361823926885
477,6.39941,12.5892666133389497,12.5960048171411874,12.5944813570202125,12.5917361888717707
478,6.3999,12.5892660871901469,12.5960048175125632,12.5944813618811224,12.5917361953508493
479,6.40039,12.589265561114793,12.5960048178833972,12.5944813667420235,12.5917362018299226
480,6.40088,12.5892650351128701,12.5960048182536895,12.5944813716029262,12.5917362083090012
481,6.40137,12.5892645091843747,12.5960048186234275,12.5944813764638255,12.5917362147880727
482,6.40186,12.5892639833292819,12.5960048189926397,12.5944813813247194,12.5917362212671442
483,6.40234,12.589263457547581,12.5960048193613012,12.5944813861856151,12.5917362277462139
484,6.40283,12.5892629318392544,12.596004819729421,12.5944813910465019,12.591736234225273
485,6.40332,12.5892624062042895,12.5960048200970007,12.5944813959073905,12.5917362407043338
486,6.40381,12.5892618806426722,12.5960048204640316,12.5944814007682755,12.5917362471833982
487,6.4043,12.5890020570996892,12.5960050080578174,12.594483888846737,12.591739562915782
488,6.6543,12.5890035786664285,12.596005053461397,12.5944863762564374,12.5917428780288532
489,6.65479,12.5889413979756046,12.5960050650257127,12.594486998062564,12.5917437069422018
490,6.71729,12.5889414164800133,12.5960050677117774,12.5944876198245836,12.5917445368034837
491,6.71777,12.5889107258051922,12.5960050690559591,12.5944879306940933,12.591744951245623
492,6.74902,12.5889104964653598,12.596005068181201,12.5944882415524333,12.5917453656781149
493,6.74951,12.5888800690333937,12.5960050672897559,12.59448855239952,12.5917457801008741
494,6.78076,12.5888798438248166,12.5960050641797778,12.5944888632353678,12.5917461945139912
495,6.78125,12.5888647282749506,12.5960050626165394,12.5944890186503393,12.5917464017217302
496,6.79688,12.5888643790722199,12.5960050604987472,12.5944891740624865,12.591746608927048
497,6.79736,12.5888493290677062,12.5960050583681351,12.5944893294717879,12.5917468161299464
498,6.81299,12.5888489819175433,12.5960050556830243,12.5944894848782543,12.5917470233304272
499,6.81348,12.5888339970330563,12.5960050529851202,12.5944896402818713,12.5917472305284814
500,6.8291,12.5888336519221475,12.5960050497327742,12.5944897956826409,12.5917474377241199
501,6.82959,12.5888187317360245,12.5960050464676634,12.5944899510805488,12.5917476449173265
502,6.84521,12.5888183886511662,12.5960050426481587,12.5944901064756039,12.5917478521081225
503,6.8457,12.5888109529352459,12.5960050407320292,12.5944901841723755,12.5917479557038199
504,6.85352,12.5888105478338552,12.5960050386773013,12.5944902618684296,12.5917480592988973
505,6.854,12.5888031286238018,12.5960050366150362,12.5944903395637677,12.5917481628933885
506,6.86182,12.5888027245549772,12.5960050344141852,12.5944904172583847,12.5917482664872651
507,6.8623,12.5887953217959101,12.596005032205797,12.594490494952284,12.5917483700805377
508,6.87012,12.5887949187562143,12.59600502985883,12.5944905726454675,12.591748473673201
509,6.87061,12.5887912236503752,12.5960050286815708,12.5944906114918638,12.59174852546961
510,6.87451,12.5887907896231024,12.5960050274696655,12.5944906503380825,12.5917485772658679
511,6.875,12.5887870988517676,12.5960050262536996,12.5944906891841253,12.5917486290619749
512,6.87891,12.5887866653664826,12.596005025003091,12.5944907280299834,12.5917486808579273
513,6.87939,12.5887829789220405,12.5960050237484165,12.5944907668756603,12.5917487326537287
514,6.8833,12.5887825459777822,12.596005022459094,12.5944908057211595,12.5917487844493792
515,6.88379,12.5887807044362496,12.5960050218123989,12.5944908251438594,12.5917488103472266
516,6.88574,12.5887802560258031,12.5960050211570493,12.5944908445665149,12.5917488362450367
517,6.88623,12.5887784156838087,12.5960050204995841,12.5944908639891278,12.5917488621428024
518,6.88818,12.588777967573261,12.5960050198334645,12.5944908834116962,12.5917488880405379
519,6.88867,12.588776128429636,12.5960050191652329,12.5944909028342149,12.5917489139382255
520,6.89062,12.5887756806186886,12.5960050184883414,12.5944909222566874,12.5917489398358828
521,6.89111,12.5887738426722677,12.5960050178093486,12.5944909416791173,12.5917489657335011
522,6.89307,12.5887733951606293,12.5960050171216871,12.5944909611015046,12.5917489916310856
523,6.89355,12.588771558410242,12.5960050164319171,12.5944909805238368,12.5917490175286204
524,6.89551,12.5887711111976177,12.5960050157334926,12.5944909999461387,12.5917490434261268
525,6.896,12.588770193300661,12.5960050153832253,12.5944910096572702,12.5917490563748835
526,6.89697,12.588769738383748,12.5960050150307925,12.5944910193683945,12.5917490693236314
527,6.89746,12.5887688208454502,12.5960050146772904,12.5944910290795065,12.591749082272365
528,6.89844,12.5887683661078462,12.5960050143216158,12.5944910387906077,12.5917490952210969
529,6.89893,12.5887674489279959,12.5960050139648683,12.5944910485016948,12.5917491081698145
530,6.8999,12.5887669943695961,12.5960050136059625,12.5944910582127765,12.5917491211185268
531,6.90039,12.5887660775479908,12.5960050132459838,12.5944910679238458,12.5917491340672214
532,6.90137,12.5887656231686851,12.5960050128838379,12.5944910776348991,12.5917491470159142
533,6.90186,12.5887651649071657,12.5960050127022285,12.5944910824904248,12.5917491534902606
534,6.90234,12.5887647067053816,12.5960050125200809,12.5944910873459435,12.5917491599646052
535,6.90283,12.5887642485633293,12.5960050123373861,12.5944910922014675,12.5917491664389445
536,6.90332,12.5887637904809839,12.5960050121541496,12.5944910970569843,12.5917491729132838
537,6.90381,12.588763332458349,12.5960050119703766,12.5944911019124959,12.5917491793876231
538,6.9043,12.5887628744954085,12.5960050117860618,12.5944911067680039,12.591749185861957
539,6.90479,12.5887624165921466,12.596005011601207,12.5944911116235119,12.5917491923362874
540,6.90527,12.5887619587485542,12.5960050114158069,12.5944911164790199,12.5917491988106214
541,6.90576,12.588761500964619,12.5960050112298649,12.5944911213345208,12.5917492052849465
542,6.90625,12.5887610432403321,12.5960050110433901,12.5944911261900234,12.5917492117592715
543,6.90674,12.5887605855756846,12.5960050108563681,12.594491131045519,12.5917492182335948
544,6.90723,12.5887601279706622,12.5960050106688062,12.5944911359010128,12.5917492247079164
545,6.90771,12.5887596704252438,12.5960050104807006,12.5944911407565048,12.5917492311822325
546,6.9082,12.5887592129394292,12.5960050102920551,12.5944911456119915,12.5917492376565505
547,6.90869,12.5887587555132026,12.5960050101028713,12.5944911504674781,12.5917492441308614
548,6.90918,12.5887582981465531,12.5960050099131404,12.594491155322963,12.5917492506051723
549,6.90967,12.588757840839472,12.596005009722866,12.5944911601784408,12.5917492570794796
550,6.91016,12.5887573835919433,12.5960050095320639,12.5944911650339151,12.5917492635537851
551,6.91064,12.5887569264039509,12.5960050093407112,12.5944911698893911,12.5917492700280924
552,6.91113,12.5885303800005239,12.5960049111198984,12.5944936551977609,12.5917525833277182
553,7.16113,12.5885335573213126,12.5960044312520711,12.5944986229410461,12.5917592056028766
554,7.16211,12.5884266464814285,12.5960041934399687,12.5945011059459642,12.5917625170482257
555,7.28711,12.5884290149090745,12.5960035778529029,12.5945060690112864,12.5917691356197103
556,7.28906,12.5883778308407397,12.5960032717290691,12.5945085496420273,12.5917724452128255
557,7.35156,12.5883896731313438,12.5959924810175075,12.5945872232238685,12.5918768255629985
558,7.41406,12.5883900561399003,12.595992151900882,12.5945896774834694,12.5918801153564317
559,7.41602,12.5883400073452361,12.5959918231416452,12.5945921309464719,12.591883404538887
560,7.47852,12.5883404159052787,12.5959914605454699,12.5945945836133024,12.591886693111249
561,7.48047,12.5882911586594677,12.5959910983393915,12.594597035475033,12.591889981073038
562,7.54297,12.5882915921660707,12.5959907023517435,12.5945994865320845,12.5918932684251406
563,7.54492,12.5882672576057733,12.5959905045390954,12.5946007118250574,12.5918949121762012
564,7.57617,12.588266691682902,12.5959902982922038,12.5946019369147049,12.5918965557748841
565,7.57812,12.5882425540234273,12.595990091879802,12.5946031617998582,12.5918981992208714
566,7.60938,12.5882422772058504,12.5959899844517551,12.5946037741830263,12.5918990209627015
567,7.61035,12.5882178258949029,12.5959898769834169,12.5946043865147814,12.5918998426663098
568,7.6416,12.5882175551155129,12.5959897652065962,12.5946049987951625,12.5919006643318792
569,7.64258,12.5881932939433838,12.5959896533905908,12.5946056110238445,12.5919014859592266
570,7.67383,12.588193029131828,12.5959895372679167,12.5946062232008629,12.5919023075485352
571,7.6748,12.5881689558903425,12.5959894211071468,12.5946068353259051,12.5919031290996291
572,7.70605,12.588168826426255,12.5959893608719895,12.5946071413731531,12.5919035398799011
573,7.70654,12.5881446848388165,12.5959893006275792,12.5946074474073306,12.5919039506506039
574,7.73779,12.5881445582751255,12.5959892382062328,12.594607753428452,12.5919043614118067
575,7.73828,12.5881205993561238,12.595989175775907,12.59460805943643,12.5919047721634456
576,7.76953,12.5881204756599168,12.5959891111691107,12.5946083654312861,12.5919051829055917
577,7.77002,12.5880966973440831,12.5959890465536084,12.5946086714129262,12.5919055936381667
578,7.80127,12.5880965764829647,12.595988979762101,12.5946089773813679,12.5919060043612561
579,7.80176,12.588084754762999,12.5959889463614783,12.5946091303616221,12.5919062097239483
580,7.81738,12.5880845087060749,12.5959889124169457,12.5946092833385546,12.5919064150842672
581,7.81787,12.5880727320626562,12.5959888784617426,12.5946094363121581,12.5919066204421952
582,7.8335,12.5880724874175023,12.5959888439626884,12.5946095892824399,12.59190682579775
583,7.83398,12.588060755593375,12.5959888094530026,12.5946097422493768,12.5919070311509174
584,7.84961,12.5880605123519338,12.5959887743995225,12.594609895212983,12.5919072365017026
585,7.8501,12.5880488250917768,12.5959887393354464,12.5946100481732337,12.5919074418500969
586,7.86572,12.5880485832460636,12.5959887037276381,12.5946102011301413,12.5919076471961233
587,7.86621,12.5880369402965115,12.5959886681092641,12.5946103540836916,12.5919078525397587
588,7.88184,12.5880366998385824,12.5959886319472254,12.5946105070338863,12.591908057881021
589,7.88232,12.5880308950706805,12.5959886138607615,12.594610583507972,12.5919081605519381
590,7.89014,12.588030591996791,12.5959885956383886,12.594610659981214,12.5919082632222654
591,7.89062,12.588024798547778,12.5959885774090932,12.594610736453614,12.5919083658919888
592,7.89844,12.5880244961820154,12.5959885590438994,12.5946108129251719,12.591908468561126
593,7.89893,12.5880187140188387,12.5959885406717831,12.5946108893958844,12.5919085712296592
594,7.90674,12.588018412359137,12.5959885221637791,12.5946109658657548,12.5919086738976027
595,7.90723,12.5880126414488558,12.5959885036488544,12.5946110423347797,12.5919087765649493
596,7.91504,12.5880123404931705,12.5959884849980508,12.5946111188029608,12.5919088792317009
597,7.91553,12.5880094593310616,12.5959884756691451,12.5946111570367965,12.5919089305651486
598,7.91943,12.5880091270802055,12.5959884663062667,12.5946111952704172,12.5919089818984453
599,7.91992,12.5880062488852467,12.5959884569395193,12.5946112335038318,12.5919090332315999
600,7.92383,12.5880059170054199,12.5959884475388009,12.594611271737028,12.5919090845645982
601,7.92432,12.5880030417730335,12.5959884381342029,12.5946113099700128,12.5919091358974438
602,7.92822,12.5880027102636696,12.5959884286956392,12.5946113482027933,12.5919091872301507
603,7.92871,12.5879998379892868,12.5959884192531977,12.5946113864353535,12.5919092385627049
604,7.93262,12.5879995068498118,12.5959884097767976,12.5946114246677059,12.5919092898951135
605,7.93311,12.5879980718618913,12.5959884050366462,12.594611443783819,12.5919093155613311
606,7.93506,12.5879977250933752,12.5959884002880074,12.5946114628998771,12.5919093412275149
607,7.93555,12.5879962909259611,12.5959883955373204,12.5946114820158837,12.5919093668936615
608,7.9375,12.5879959443625857,12.5959883907781389,12.5946115011318298,12.5919093925597707
609,7.93799,12.5879945110149727,12.5959883860169199,12.5946115202477333,12.5919094182258409
610,7.93994,12.5879941646565641,12.59598838124721,12.5946115393635836,12.5919094438918791
611,7.94043,12.5879927321280523,12.5959883764754537,12.5946115584793681,12.5919094695578764
612,7.94238,12.587992385974422,12.5959883716952064,12.59461157759511,12.5919094952238346
613,7.94287,12.587991670037761,12.5959883693040613,12.5946115871529649,12.5919095080568191
614,7.94385,12.5879913160896209,12.5959883669107953,12.5946115967108039,12.5919095208897929
615,7.94434,12.5879906003987134,12.5959883645164723,12.5946116062686286,12.5919095337227596
616,7.94531,12.5879902465734403,12.5959883621200301,12.5946116158264445,12.5919095465557138
617,7.9458,12.5879895311281587,12.5959883597225453,12.5946116253842479,12.5919095593886645
618,7.94678,12.5879891774256905,12.5959883573229376,12.5946116349420354,12.591909572221601
619,7.94727,12.5879884622259155,12.5959883549222713,12.5946116444998069,12.5919095850545322
620,7.94824,12.5879881086461864,12.5959883525194893,12.5946116540575694,12.5919095978874527
621,7.94873,12.5879877511486242,12.5959883513175761,12.5946116588364436,12.5919096043039129
622,7.94922,12.587987393692023,12.5959883501151282,12.594611663615316,12.5919096107203696
623,7.94971,12.5879870362763757,12.5959883489121545,12.5946116683941867,12.5919096171368299
624,7.9502,12.5879866789016752,12.5959883477086443,12.5946116731730537,12.5919096235532812
625,7.95068,12.5879863215679144,12.5959883465046047,12.594611677951919,12.5919096299697344
626,7.95117,12.5879859642750862,12.5959883453000359,12.594611682730779,12.591909636386184
627,7.95166,12.5879856070231853,12.5959883440949341,12.594611687509639,12.5919096428026283
628,7.95215,12.5879852498122045,12.5959883428893047,12.5946116922884883,12.5919096492190707
629,7.95264,12.5879848926421385,12.5959883416831442,12.5946116970673394,12.5919096556355186
630,7.95312,12.5879845355129731,12.5959883404764508,12.5946117018461869,12.5919096620519539
631,7.95361,12.5879841784247066,12.5959883392692333,12.5946117066250274,12.5919096684683929
632,7.9541,12.5879838213773319,12.5959883380614794,12.5946117114038678,12.5919096748848283
633,7.95459,12.5879834643708417,12.5959883368531926,12.5946117161827047,12.5919096813012601
634,7.95508,12.5879831074052291,12.5959883356443783,12.594611720961538,12.5919096877176937
635,7.95557,12.5879827504804851,12.5959883344350345,12.5946117257403696,12.591909694134122
636,7.95605,12.5879823935966062,12.5959883332251579,12.5946117305191922,12.5919097005505431
637,7.95654,12.5879820367535817,12.5959883320147554,12.5946117352980167,12.5919097069669732
638,7.95703,12.5879816799514082,12.5959883308038165,12.5946117400768376,12.5919097133833908
639,7.95752,12.5879813231900783,12.5959883295923518,12.5946117448556549,12.591909719799812
640,7.95801,12.5879359905825421,12.5959881744690012,12.5946123565013135,12.5919105410069925
641,8.02051,12.5879361418956268,12.5959880106533806,12.5946129680924663,12.5919113621761642
642,8.021,12.5878914654255727,12.5959878468806323,12.594613579628497,12.5919121833071621
643,8.0835,12.5878916219135242,12.5959876744194901,12.59461419110945,12.5919130044001495
644,8.08398,12.587869525929607,12.5959875882079615,12.5946144968327598,12.5919134149512786
645,8.11523,12.5878694314779747,12.5959874998251191,12.5946148025421696,12.5919138254929184
646,8.11572,12.5878474954879724,12.5959874114366599,12.5946151082375764,12.591914236024996
647,8.14697,12.5878474035479755,12.5959873208773683,12.5946154139190085,12.5919146465475951
648,8.14746,12.5878256258205869,12.5959872303127529,12.5946157195863648,12.5919150570606284
649,8.17871,12.5878255363650648,12.5959871375778096,12.5946160252396719,12.5919154675641831
650,8.1792,12.5878039151938825,12.5959870448378339,12.5946163308788339,12.5919158780581704
651,8.21045,12.5878038281960372,12.5959869499280241,12.5946166365038739,12.5919162885426825
652,8.21094,12.587782361899114,12.5959868550134786,12.5946169421146976,12.5919166990176308
653,8.24219,12.5877822773325558,12.5959867579296017,12.5946172477113265,12.5919171094830968
654,8.24268,12.5877716020424089,12.5959867093844338,12.5946174005051716,12.5919173147169765
655,8.2583,12.5877713918914136,12.5959866602970294,12.5946175532954481,12.5919175199484901
656,8.25879,12.5877607552897377,12.5959866111999634,12.5946177060821416,12.5919177251776055
657,8.27441,12.5877605463504665,12.5959865615607285,12.5946178588652664,12.5919179304043549
658,8.2749,12.5877499482273905,12.5959865119118675,12.5946180116447941,12.5919181356287133
659,8.29053,12.587749740493269,12.595986461720905,12.5946181644207424,12.5919183408507038
660,8.29102,12.5877391806404297,12.5959864115203519,12.5946183171930812,12.5919185460703034
661,8.30664,12.5877389741049424,12.5959863607777596,12.5946184699618389,12.5919187512875315
662,8.30713,12.587733708611367,12.5959863354014239,12.5946185463450853,12.5919188538964377
663,8.31494,12.5877334392757572,12.5959863098895894,12.5946186227274186,12.5919189565047454
664,8.31543,12.5877281835624295,12.5959862843710759,12.5946186991088567,12.5919190591124561
665,8.32324,12.5877279148387018,12.5959862587170832,12.5946187754893941,12.59191916171957
666,8.32373,12.5877226688784081,12.5959862330564132,12.5946188518690203,12.5919192643260942
667,8.33154,12.5877224007648554,12.5959862072602586,12.5946189282477494,12.5919193669320251
668,8.33203,12.5877171645304955,12.595986181457441,12.5946190046255708,12.5919194695373573
669,8.33984,12.5877168970254267,12.595986155519153,12.5946190810024863,12.591919572142098
670,8.34033,12.5877142826192419,12.5959861425466091,12.5946191191906571,12.5919196234445394
671,8.34424,12.5877139837254575,12.5959861295401971,12.5946191573786042,12.5919196747468263
672,8.34473,12.58771137188449,12.5959861165299749,12.594619195566322,12.591919726048971
673,8.34863,12.5877110733114801,12.5959861034858882,12.5946192337538125,12.5919197773509683
674,8.34912,12.587708464031957,12.5959860904379877,12.5946192719410792,12.5919198286528147
675,8.35303,12.5877081657792544,12.5959860773562262,12.5946193101281239,12.5919198799545065
676,8.35352,12.5877055590574187,12.5959860642706545,12.5946193483149305,12.5919199312560544
677,8.35742,12.5877052611245457,12.5959860511512165,12.5946193865015186,12.591919982557453
678,8.35791,12.5877039587574604,12.5959860445895746,12.5946194055947345,12.5919200082081737
679,8.35986,12.5877036451463553,12.5959860380194755,12.5946194246878989,12.5919200338588535
680,8.36035,12.5877023434888855,12.5959860314473442,12.5946194437810064,12.5919200595094978
681,8.3623,12.5877020300551941,12.5959860248667468,12.5946194628740553,12.5919200851601012
682,8.36279,12.5877007291067606,12.5959860182841208,12.5946194819670509,12.5919201108106726
683,8.36475,12.5877004158503443,12.595986011693034,12.5946195010599862,12.5919201364612068
684,8.36523,12.5876991156103681,12.5959860050999239,12.5946195201528681,12.5919201621117036
685,8.36719,12.5876988025310812,12.5959859984983478,12.5946195392456897,12.591920187762156
686,8.36768,12.5876981526944576,12.5959859951965409,12.5946195487920836,12.5919202005873885
687,8.36865,12.5876978317933865,12.5959859918926185,12.5946195583384579,12.5919202134126156
688,8.36914,12.5876971821693733,12.5959859885876497,12.5946195678848234,12.5919202262378302
689,8.37012,12.5876968613745976,12.5959859852805707,12.5946195774311747,12.591920239063036
690,8.37061,12.5876962119630864,12.5959859819724471,12.5946195869775153,12.5919202518882276
691,8.37158,12.5876958912745511,12.5959859786622044,12.5946195965238346,12.5919202647134192
692,8.37207,12.5876952420754371,12.5959859753509225,12.5946196060701432,12.5919202775385948
693,8.37305,12.5876949214930942,12.5959859720375213,12.5946196156164341,12.5919202903637633
694,8.37354,12.5876942725062761,12.5959859687230775,12.5946196251627143,12.5919203031889193
695,8.37451,12.5876939520300706,12.5959859654065198,12.594619634708982,12.5919203160140736
696,8.375,12.5876936276251516,12.5959859637477152,12.5946196394821097,12.5919203224266454
697,8.37549,12.5876933032556622,12.5959859620883883,12.5946196442552321,12.591920328839219
698,8.37598,12.587692978921595,12.5959859604285302,12.5946196490283526,12.5919203352517926
699,8.37646,12.5876926546229484,12.5959859587681393,12.5946196538014696,12.5919203416643626
700,8.37695,12.5876923303597135,12.5959859571072226,12.5946196585745884,12.5919203480769273
701,8.37744,12.5876920061318778,12.5959859554457765,12.594619663347693,12.5919203544894955
702,8.37793,12.5876916819394413,12.5959859537837975,12.5946196681208029,12.5919203609020514
703,8.37842,12.5876913577824041,12.5959859521212945,12.5946196728939057,12.5919203673146143
704,8.37891,12.5876910336607537,12.5959859504582568,12.5946196776670067,12.5919203737271701
705,8.37939,12.5876907095744865,12.5959859487946932,12.5946196824401024,12.5919203801397259
706,8.37988,12.5876903855235955,12.5959859471306004,12.5946196872131928,12.59192038655228
707,8.38037,12.58769006150807,12.5959859454659817,12.5946196919862814,12.5919203929648287
708,8.38086,12.5876897375279153,12.5959859438008301,12.59461969675937,12.5919203993773756
709,8.38135,12.5876894135831154,12.5959859421351528,12.5946197015324515,12.5919204057899208
710,8.38184,12.5876890896736775,12.595985940468946,12.5946197063055294,12.5919204122024659
711,8.38232,12.5876887657995837,12.5959859388022029,12.594619711078602,12.5919204186150058
712,8.38281,12.5876884419608288,12.5959859371349392,12.5946197158516746,12.5919204250275456
713,8.3833,12.587688118157411,12.5959859354671444,12.5946197206247401,12.5919204314400819
714,8.38379,12.5876877943893231,12.5959859337988203,12.5946197253978038,12.5919204378526164
715,8.38428,12.5876874706565633,12.5959859321299668,12.5946197301708676,12.5919204442651509
716,8.38477,12.587646320678175,12.595985718466947,12.5946203410797608,12.5919212649748751
717,8.44727,12.587646504979821,12.5959854961382902,12.5946209519302812,12.5919220856466332
718,8.44775,12.5876261442003532,12.5959853849985546,12.5946212573367262,12.591922495987129
719,8.479,12.5876260769888066,12.5959852716932232,12.5946215627284417,12.5919229063181479
720,8.47949,12.5876058577667536,12.5959851583856928,12.594621868105337,12.5919233166396118
721,8.51074,12.5876057927774472,12.5959850429130924,12.5946221734674229,12.5919237269515989
722,8.51123,12.5875857136418308,12.5959849274385913,12.5946224788146193,12.5919241372540291
723,8.54248,12.5875856508516772,12.5959848097995462,12.5946227841469405,12.5919245475469879
724,8.54297,12.5875756636333893,12.5959847509779621,12.5946229368082907,12.5919247526946059
725,8.55859,12.5875754750329278,12.595984691615346,12.5946230894659035,12.5919249578398631
726,8.55908,12.5875655228281076,12.5959846322437912,12.5946232421197646,12.5919251629827293
727,8.57471,12.5875653353242694,12.59598457233127,12.5946233947698758,12.5919253681232259
728,8.5752,12.5875554179491758,12.5959845124098493,12.5946235474162336,12.591925573261328
729,8.59082,12.5875552315362125,12.5959844519475261,12.5946237000588361,12.5919257783970711
730,8.59131,12.5875502859859303,12.5959844217116075,12.5946237763789171,12.5919258809652259
731,8.59912,12.5875500366669062,12.5959843913404743,12.5946238526980654,12.591925983532791
732,8.59961,12.5875451000200744,12.595984360962845,12.5946239290162598,12.5919260860997504
733,8.60742,12.5875448512580732,12.5959843304500136,12.5946240053335199,12.5919261886661289
734,8.60791,12.5875399234906933,12.5959842999306861,12.5946240816498332,12.5919262912319052
735,8.61572,12.5875396752842228,12.5959842692761654,12.5946241579652014,12.5919263937970882
736,8.61621,12.5875347563723761,12.5959842386151522,12.5946242342796264,12.5919264963616762
737,8.62402,12.5875345087199264,12.5959842078189599,12.5946243105931064,12.5919265989256708
738,8.62451,12.5875295986397759,12.5959841770162768,12.5946243869056378,12.5919267014890721
739,8.63232,12.5875293515398727,12.5959841460784165,12.594624463217226,12.5919268040518713
740,8.63281,12.5875268998698875,12.5959841306061602,12.5946245013727136,12.5919268553333517
741,8.63672,12.5875266213259565,12.5959841151001104,12.594624539527965,12.591926906614674
742,8.63721,12.5875241719857414,12.5959840995903072,12.5946245776829748,12.5919269578958488
743,8.64111,12.5875238937331453,12.5959840840467034,12.5946246158377519,12.5919270091768798
744,8.6416,12.5875214467193963,12.5959840684993409,12.5946246539922857,12.5919270604577562
745,8.64551,12.5875211687577178,12.5959840529181779,12.5946246921465903,12.5919271117384852
746,8.646,12.5875187240671256,12.5959840373332632,12.5946247303006587,12.5919271630190703
747,8.6499,12.5875184463959506,12.5959840217145533,12.5946247684544836,12.5919272142995027
748,8.65039,12.5875172249534142,12.5959840139033048,12.5946247875313198,12.5919272399397357
749,8.65234,12.5875169315749229,12.5959840060836008,12.5946248066080972,12.5919272655799404
750,8.65283,12.5875157107770246,12.5959839982618842,12.5946248256848126,12.5919272912200899
751,8.65479,12.5875154175597057,12.5959839904317192,12.5946248447614764,12.5919273168602182
752,8.65527,12.5875141974059375,12.5959839825995452,12.5946248638380673,12.5919273425003055
753,8.65723,12.5875139043496613,12.5959839747589246,12.594624882914605,12.5919273681403538
754,8.65771,12.5875126848395169,12.5959839669162914,12.5946249019910859,12.5919273937803666
755,8.65967,12.5875123919441627,12.5959839590652081,12.5946249210675081,12.5919274194203421
756,8.66016,12.587511782446537,12.5959839551386565,12.5946249306057023,12.5919274322403325
757,8.66113,12.5875114817132996,12.5959839512099947,12.5946249401438735,12.591927445060314
758,8.66162,12.5875108724088491,12.5959839472802884,12.5946249496820357,12.5919274578802884
759,8.6626,12.5875105717721905,12.5959839433484735,12.5946249592201838,12.5919274707002504
760,8.66309,12.5875099626608318,12.5959839394156212,12.5946249687583105,12.5919274835202071
761,8.66406,12.5875096621207092,12.5959839354806533,12.5946249782964319,12.5919274963401513
762,8.66455,12.5875090532023428,12.5959839315446516,12.5946249878345338,12.5919275091600884
763,8.66553,12.5875087527587119,12.5959839276065342,12.5946249973726179,12.5919275219800131
764,8.66602,12.5875084483799835,12.5959839256369541,12.5946250021416564,12.591927528389979
765,8.6665,12.587508144033464,12.5959839236668429,12.5946250069106895,12.5919275347999413
766,8.66699,12.5875078397191551,12.5959839216962113,12.5946250116797263,12.5919275412099001
767,8.66748,12.5875075354370516,12.5959839197250467,12.5946250164487523,12.5919275476198571
768,8.66797,12.5875072311871392,12.5959839177533581,12.5946250212177731,12.5919275540298141
769,8.66846,12.5875069269694251,12.5959839157811402,12.5946250259867938,12.5919275604397658
770,8.66895,12.587506622783895,12.5959839138083893,12.594625030755811,12.5919275668497175
771,8.66943,12.5875063186305454,12.5959839118351216,12.5946250355248246,12.5919275732596656
772,8.66992,12.5875060145093798,12.5959839098613173,12.5946250402938311,12.5919275796696102
773,8.67041,12.587505710420384,12.5959839078869837,12.5946250450628359,12.591927586079553
774,8.6709,12.5875054063635492,12.5959839059121279,12.5946250498318406,12.591927592489494
775,8.67139,12.5875051023388824,12.595983903936748,12.5946250546008365,12.5919275988994332
776,8.67188,12.587504798346373,12.5959839019608317,12.5946250593698288,12.5919276053093725
777,8.67236,12.5875044943860104,12.5959838999843896,12.5946250641388211,12.5919276117193082
778,8.67285,12.5875041904578051,12.5959838980074181,12.5946250689078063,12.5919276181292368
779,8.67334,12.5875038865617306,12.5959838960299209,12.5946250736767897,12.5919276245391689
780,8.67383,12.5875035826977957,12.5959838940518942,12.5946250784457678,12.591927630949094
781,8.67432,12.5873520865739739,12.5959828813860568,12.5946275194795998,12.5919309113188689
782,8.92432,12.5873538270558782,12.5959817304621922,12.5946299595377269,12.5919341910811511
783,8.9248,12.5872100787854606,12.5959805815987718,12.594632398583288,12.5919374702354023
784,9.1748,12.5872118349542497,12.5959792947606584,12.5946348366171037,12.5919407487824149
785,9.17529,12.5871426846933829,12.5959786523350044,12.5946360552801764,12.5919423881300716
786,9.30029,12.587143431142227,12.5959779754729837,12.5946372736812773,12.5919440273259244
787,9.30078,12.5870760083560604,12.5959772991190775,12.5946384918157435,12.5919456663696376
788,9.42578,12.5870767616798656,12.5959765883661063,12.5946397096837348,12.5919473052615682
789,9.42627,12.5870436788222353,12.5959762332207248,12.5946403185247675,12.5919481247259579
790,9.48877,12.5870439267485139,12.5959758694829898,12.5946409272980517,12.5919489441524295
791,9.48926,12.5870112536140724,12.5959755058460328,12.5946415360029853,12.5919497635408195
792,9.55176,12.5870115047715174,12.595975133621506,12.5946421446396126,12.5919505828912968
793,9.55225,12.5869792337958657,12.5959747615004627,12.594642753207328,12.5919514022036889
794,9.61475,12.586979488124781,12.5959743807966831,12.5946433617061757,12.5919522214781789
795,9.61523,12.586947611928597,12.5959740001991101,12.5946439701355413,12.5919530407145839
796,9.67773,12.586947869370718,12.5959736110236573,12.594644578495469,12.5919538599130849
797,9.67822,12.5869320774431586,12.5959734164809909,12.5946448826510569,12.5919542695169007
798,9.70947,12.5869320819542558,12.5959732197948213,12.5946451867891511,12.591954679111268
799,9.70996,12.5869163867846048,12.595973023119134,12.5946454909096559,12.591955088696082
800,9.74121,12.5869163928145298,12.59597282430056,12.5946457950125961,12.5919554982714459
801,9.7417,12.5869007935163779,12.5959726254928235,12.5946460990978792,12.5919559078372654
802,9.77295,12.58690080105122,12.5959724245428202,12.5946464031655267,12.5919563173936311
803,9.77344,12.5868852967489584,12.5959722236040061,12.5946467072154444,12.591956726940456
804,9.80469,12.5868853057749561,12.5959720205235453,12.5946470112476536,12.5919571364778218
805,9.80518,12.5868698956036109,12.5959718174546254,12.5946473152620655,12.5919575460056468
806,9.83643,12.5868699061071876,12.5959716122446874,12.5946476192587014,12.5919579555240198
807,9.83691,12.5868622362363141,12.5959715096431459,12.5946477712507416,12.5919581602843298
808,9.85254,12.5868621202148017,12.5959714065064698,12.5946479232383215,12.5919583650422808
809,9.85303,12.5868544739183541,12.5959713033642693,12.5946480752214285,12.591958569797848
810,9.86865,12.5868543586351649,12.5959711996870265,12.5946482272000591,12.5919587745510473
811,9.86914,12.5868467358046665,12.5959710960042983,12.5946483791742025,12.5919589793018591
812,9.88477,12.5868466212564005,12.595970991786599,12.5946485311438714,12.5919591840503138
813,9.88525,12.5868390217840425,12.5959708875634657,12.5946486831090443,12.591959388796381
814,9.90088,12.5868389079673229,12.5959707828054448,12.5946488350697248,12.5919595935400839
815,9.90137,12.5868351170466486,12.5959707304230903,12.5946489110484805,12.5919596959122124
816,9.90918,12.5868349399645751,12.595970677907026,12.59464898702611,12.5919597982837548
817,9.90967,12.5868311550214926,12.5959706253853572,12.5946490630026098,12.5919599006546985
818,9.91748,12.5868309783133867,12.5959705727299909,12.5946491389779869,12.5919600030250542
819,9.91797,12.5868271993337988,12.5959705200690184,12.5946492149522378,12.5919601053948149
820,9.92578,12.5868270229987811,12.5959704672743573,12.5946492909253607,12.5919602077639805
821,9.92627,12.5868232499686137,12.5959704144741007,12.5946493668973503,12.5919603101325492
822,9.93408,12.5868230740058049,12.5959703615401608,12.5946494428682172,12.5919604125005353
823,9.93457,12.5868193069110212,12.5959703086006343,12.5946495188379526,12.591960514867921
824,9.94238,12.5868191313195403,12.5959702555274404,12.59464959480656,12.5919606172347134
825,9.94287,12.5868172500378321,12.5959702289878859,12.5946496327904551,12.5919606684181815
826,9.94678,12.5868170428202664,12.5959702024149163,12.5946496707740803,12.5919607196014987
827,9.94727,12.5868151631054346,12.5959701758384153,12.5946497087574176,12.5919607707846684
828,9.95117,12.586814956083801,12.5959701492285063,12.5946497467404726,12.5919608219676888
829,9.95166,12.5868130779338827,12.5959701226150624,12.5946497847232397,12.5919608731505619
830,9.95557,12.5868128711079432,12.5959700959682053,12.594649822705728,12.5919609243332857
831,9.95605,12.5868109945209792,12.595970069317822,12.594649860687932,12.5919609755158568
832,9.95996,12.5868107878904922,12.5959700426340238,12.5946498986698572,12.5919610266982875
833,9.96045,12.5868098502045385,12.5959700292903261,12.5946499176607176,12.5919610522895198
834,9.9624,12.5868096277710393,12.5959700159382706,12.594649936651507,12.5919610778807147
835,9.96289,12.5868086905190566,12.5959700025842594,12.5946499556422253,12.5919611034718688
836,9.96484,12.5868084681940644,12.5959699892219099,12.5946499746328744,12.5919611290629909
837,9.96533,12.5868075313757544,12.5959699758576029,12.5946499936234506,12.5919611546540722
838,9.96729,12.5868073091591857,12.595969962484947,12.5946500126139576,12.5919611802451215
839,9.96777,12.5868063727742534,12.5959699491103407,12.5946500316043881,12.5919612058361317
840,9.96973,12.5868061506660425,12.595969935727382,12.5946500505947565,12.5919612314270957
841,9.97021,12.5868056826469683,12.5959699290349167,12.5946500600899114,12.5919612442225937
842,9.97119,12.586805452647944,12.5959699223403661,12.5946500695850503,12.5919612570180721
843,9.97168,12.5868049847590306,12.595969915644794,12.594650079080175,12.5919612698135417
844,9.97266,12.586804754825085,12.5959699089471346,12.5946500885752748,12.5919612826090024
845,9.97314,12.5868042870662862,12.5959699022484504,12.5946500980703622,12.5919612954044613
846,9.97412,12.5868040571973872,12.5959698955476824,12.59465010756543,12.5919613081999024
847,9.97461,12.5868035895686479,12.5959698888458949,12.5946501170604837,12.59196132099534
848,9.97559,12.5868033597647795,12.5959698821420147,12.5946501265555142,12.5919613337907634
849,9.97607,12.586803126004634,12.5959698787895622,12.5946501313030232,12.5919613401884778
850,9.97656,12.5868028922662152,12.5959698754365874,12.5946501360505287,12.5919613465861886
851,9.97705,12.5868026585495265,12.5959698720830957,12.5946501407980325,12.5919613529838976
852,9.97754,12.5868024248545449,12.5959698687290729,12.5946501455455273,12.5919613593816049
853,9.97803,12.5868021911812775,12.5959698653745384,12.5946501502930204,12.5919613657793121
854,9.97852,12.5868019575297279,12.5959698620194782,12.5946501550405117,12.5919613721770123
855,9.979,12.5868017238998888,12.5959698586638922,12.5946501597879923,12.591961378574716
856,9.97949,12.5868014902917409,12.5959698553077857,12.5946501645354729,12.5919613849724108
857,9.97998,12.5868012567053107,12.5959698519511587,12.5946501692829447,12.5919613913701056
858,9.98047,12.5868010231405734,12.5959698485940059,12.5946501740304182,12.5919613977677987
859,9.98096,12.5868007895975396,12.5959698452363398,12.5946501787778811,12.5919614041654899
860,9.98145,12.5868005560761933,12.5959698418781461,12.5946501835253457,12.5919614105631794
861,9.98193,12.5868003225765417,12.5959698385194301,12.5946501882728015,12.5919614169608671
862,9.98242,12.5868000890985741,12.5959698351601936,12.5946501930202537,12.5919614233585495
863,9.98291,12.5867998556422975,12.5959698318004367,12.5946501977677006,12.5919614297562301
864,9.9834,12.5867996222077014,12.5959698284401522,12.5946502025151421,12.5919614361539072
865,9.98389,12.5867993887947875,12.595969825079349,12.5946502072625837,12.5919614425515896
866,9.98438,12.5867919309170926,12.5959697175195515,12.5946503591779191,12.5919616472714555
867,10,12.5867918215349412,12.5959696094253264,12.5946505110887088,12.5919618519889625
